{"cameraMode":{"drawMode":0,"name":"Shaded","section":"Shading Mode"},"sceneLighting":true,"audioPlay":false,"sceneViewState":{"m_AlwaysRefresh":false,"showFog":true,"showSkybox":true,"showFlares":true,"showImageEffects":true,"showParticleSystems":true,"showVisualEffectGraphs":true,"m_FxEnabled":true},"in2DMode":false,"pivot":{"x":0.05996346473693848,"y":0.9282768964767456,"z":2.1286630630493166},"rotation":{"x":-0.08751187473535538,"y":0.49143052101135256,"z":-0.049703434109687808,"w":-0.8651154041290283},"size":0.9049965143203735,"orthographic":false}